Full Name,Affiliation,Photo,Web Profile,Research Fields,Research Areas,Position,Department,Faculty,Campus,Contact,,,,,wikidata
Ali Ameli,University of British Columbia,cropped-SCIENCE-Ali-Ameli-1.jpg (https://dl.airtable.com/.attachments/1fd423dda4cbb63de8c4f5114d56b082/e820d670/cropped-SCIENCE-Ali-Ameli-1.jpg),https://www.eoas.ubc.ca/people/aliameli,"Climate Change,Engineering,Environment,Forestry,Water,Canada","Groundwater,ecohydrology,hydrology,hydrogeological engineering,watershed management,land-use change,wetland,forest management",Assistant Professor,Earth Ocean and Atmospheric Sciences,Sciences,Vancouver,aameli@eoas.ubc.ca,,,,,
Alice Guimaraes,University of British Columbia,picture1.jpg (https://dl.airtable.com/.attachments/abe253b186b96c8061edd5c432f8be28/ec1e33d8/picture1.jpg),https://water.ubc.ca/people/alice-guimaraes,"Mining,water risks,Water stewardship,Environment,Biodiversity","Water quality assessment and treatment,water governance,environmental governance,sustainable development,Invertebrate and vertebrate ecology,aquatic environments – streams",PhD Student,Norman B Keevil Institute of Mining Engineering,Applied Sciences,Vancouver,asg1105@mail.ubc.ca,,,,,Q27980222
Annegaaike Leopold,University of British Columbia,foto_mal50_0.jpeg (https://dl.airtable.com/.attachments/31dfb3fd672d08ad1a69d6bf179a900d/1e94f839/foto_mal50_0.jpeg),https://water.ubc.ca/people/annegaaike-leopold,,"regulatory ecotoxicology,endocrine disruptor evaluation,science for policy,risk perception (disciplines/worldviews) egesta.",Adjunct Professor,Institute for Resources Environment and Sustainability,Sciences,Vancouver,aleopold@calidrisenvironment.com,,,,,
Curtis A. Suttle,University of British Columbia,Suttle_profilephoto.jpg (https://dl.airtable.com/.attachments/566c3202ff02639e1b073d162fe6df35/170fdf4b/Suttle_profilephoto.jpg),https://www.eoas.ubc.ca/people/curtissuttle,"Oceans,Water","Bacteria,viruses,marine microbiology,Arctic microbiology,environmental microbiology,bacteriophage",Professor,Earth Ocean and Atmospheric Sciences,Sciences,Vancouver,suttle@science.ubc.ca,,,,,
Dacotah-Victoria Splichalova,University of British Columbia,dacotah_victoria_splichalova.jpeg (https://dl.airtable.com/.attachments/127f6c06efc5c3b8ee003166dfd6e3ef/6a3fa23b/dacotah_victoria_splichalova.jpeg),https://www.grad.ubc.ca/campus-community/meet-our-students/splichalova-dacotah-victoria,,,PhD Student,Institute for Resources Environment and Sustainability,Sciences,Vancouver,dacotah@mail.ubc.ca,,,,,
Daniel Roehr,University of British Columbia,daniel-roehr.jpg (https://dl.airtable.com/.attachments/0330a9e948bca229097fa18ef6b9b852/9ee86c59/daniel-roehr.jpg),https://sala.ubc.ca/people/faculty/daniel-roehr,"urban design,Landscape Architecture,Sustainability","Urban water systems,storm water management,Holistic systems Design,Low Impact Design",Associate Professor,School of Architecture,Applied Sciences,Vancouver,droehr@sala.ubc.ca,,,,,
Gunilla Öberg,University of British Columbia,cropped-Gunilla-9.jpg (https://dl.airtable.com/.attachments/9dbd1615b2cf72d9907454dd18711137/2a297cb6/cropped-Gunilla-9.jpg),http://ires.ubc.ca/person/gunilla-oberg/,"policy,Science Education,biogeochemistry","environment,Perceived risk and new technology,Policy and Decision-making,Sustainability,water governance,biogeochemistry,Soil Science Education",Professor,Institute for Resources Environment and Sustainability,Sciences,Vancouver,goberg@ires.ubc.ca,,,,,
John Janmaat,University of British Columbia,John-Janmaat.jpg (https://dl.airtable.com/.attachments/5855269be44a7f65601f7b2dad59dfc2/123157fb/John-Janmaat.jpg),https://epp.ok.ubc.ca/about/contact/john-janmaat/,"Economics,Environment,Natural Resource Economics,Water","Water resource economics,natural resource economics,value of environmental goods and services,value of ecological goods and services,environmental economics",Associate Professor,"Economics,Philosophy and Political Science",Arts,Okanagan,john.janmaat@ubc.ca,,,,,
John S. Richardson,University of British Columbia,cropped-JRichardson.jpg (https://dl.airtable.com/.attachments/050838b41b9fc029f32bc29e55dd96f1/2c6d6829/cropped-JRichardson.jpg),https://profiles.forestry.ubc.ca/person/john-richardson/,"Biodiversity,Environment,Forestry,Sustainability,Water","Invertebrate and vertebrate ecology,aquatic environments – streams,rivers,wetlands,general biology and effects of forestry,aquatic insects,forest floor invertebrates,effects on aquatic ecosystems,amphibians,endangered species,small species of wildlife,esp. amphibians and small mammals,watershed protection,biological diversity,sustainable development",Professor,Forest and Conservation Sciences,Forestry,Vancouver,john.richardson@ubc.ca,,,,,Q56794616
John Wagner,University of British Columbia,cropped-OKANAGAN-IRVING-BARBER-John-Wagner2.jpg (https://dl.airtable.com/.attachments/4de675fc324fa980013f7e29dad48ae8/cab5d867/cropped-OKANAGAN-IRVING-BARBER-John-Wagner2.jpg),https://ccgs.ok.ubc.ca/about/contact/john-wagner/,"Agriculture,Anthropology,Environment,Environmental Politics,Farming,Language / Linguistics,Water","Environmental anthropology,political ecology,water,water governance,agriculture,food security,food sovereignty,Columbia River Treaty,Columbia River Basin,local ecological knowledge,community-based resource management,language documentation,Okanagan Valley,Creston Valley,Columbia Basin Project area,British Columbia,Washington State,Papua New Guinea",Associate Professor,Anthropology,Irving K. Barber School of Arts and Sciences,Okanagan,john.wagner@ubc.ca,,,,,
Jongho Lee,University of British Columbia,j_lee__portrait_2018_0.jpg (https://dl.airtable.com/.attachments/211f4052a41f462d1871b9dc19f973ef/5a0f894e/j_lee__portrait_2018_0.jpg),https://www.civil.ubc.ca/faculty/jongho-lee,"Environmental Engineering,Environmental Systems Engineering","Membranes,Water/Wastewater Treatment,Desalination,Resource Harvesting,Nanoporous Media,Electrokinetics",Assistant Professor,Civil Engineering,Applied Sciences,Vancouver,jongho.lee@civil.ubc.ca,,,,,Q90016862
Jordi Honey-Rosés,University of British Columbia,jordi.jpg (https://dl.airtable.com/.attachments/76373a479717190f961deffcd4eacd19/1f134e6e/jordi.jpg),https://scarp.ubc.ca/people/jordi-honey-ros%C3%A9s,"Conservation,Environment,Forestry,Natural Resource Economics,Urban Planning / Community Planning,Water","Impact evaluation,water,forest conservation,Mexico",Assistant Professor,School of Community and Regional Planning,Applied Sciences,Vancouver,jhoney@mail.ubc.ca,,,,,
Kasey Moran,University of British Columbia,km_photo.jpeg (https://dl.airtable.com/.attachments/5e2ec716ad194dd503e0606360abe767/54f9b928/km_photo.jpeg),https://water.ubc.ca/people/kasey-moran,Stream and Riparian Research,"Riparian management Strategies,Stream and Riparian Research",PhD Student,Forest and Conservation Sciences,Forestry,Vancouver,k.moran@alumni.ubc.ca,,,,,
Leila M. Harris,University of British Columbia,cropped-Leila-Harris.png (https://dl.airtable.com/.attachments/578b3b0788d26140c9f2fc9376be5f5d/4e76b48f/cropped-Leila-Harris.png),http://ires.ubc.ca/person/leila-harris/,"Environmental Politics,Equity,Gender and Women’s Studies,Government / Democratic Institutions,Middle East,Water","water governance,water security,gender,Turkey,South Africa,Environmental Justice",Professor,"Institute for Resources Environment and Sustainability,""Institute for Gender, Race, Sexuality and Social Justice""",Sciences,Vancouver,lharris@ires.ubc.ca,,,,,
Lucy Rodina,University of British Columbia,img_6727_1.jpg (https://dl.airtable.com/.attachments/1bdd6894ced09e2057d84bab0b553a20/a721ace0/img_6727_1.jpg),https://water.ubc.ca/people/lucy-rodina,"Engineering,Water,Justice,policy,urban design","infrastructure reliability,Infrastructure systems,water governance,environmental governance,Policy and Decision-making,Climate change",Adjunct Professor,Institute for Resources Environment and Sustainability,Sciences,Vancouver,l.rodina@alumni.ubc.ca,,,,,
Madjid Mohseni,University of British Columbia,cropped-MadjidMohseni2-S01_1255.jpg (https://dl.airtable.com/.attachments/bf40ee27d202c3c7082897f2cdd5db1d/2b6e5f00/cropped-MadjidMohseni2-S01_1255.jpg),https://www.chbe.ubc.ca/profile/madjid-mohseni/,"Environment,Pollution,Water","Water treatment,ultraviolet (UV),ozone,advanced oxidation technologies,environmental pollution control,bioenergy from waste,Electrochemical Water Treatment,Ion Exchange",Professor,Chemical and Biological Engineering,Applied Sciences,Vancouver,mmohseni@chbe.ubc.ca,,,,,
Mark Johnson,University of British Columbia,cropped-johnsonmark.jpeg (https://dl.airtable.com/.attachments/786fa3e22716dd20a04725e3f28a5aa0/98c670e1/cropped-johnsonmark.jpeg),https://ecohydro.ires.ubc.ca/,"Environment,South America,Sustainability,Water","Watershed,hydrology,carbon cycling,biogeochemistry,ecohydrology,sustainable development",Associate Professor,Institute for Resources Environment and Sustainability,Sciences,Vancouver,mark.johnson@ubc.ca,,,,,
Marwan Hassan,University of British Columbia,cropped-IMG_20150304_151148.jpg (https://dl.airtable.com/.attachments/f96266f47b58386ec0c8c8de4a309dbd/7cf36565/cropped-IMG_20150304_151148.jpg),https://www.geog.ubc.ca/persons/marwan-hassan/,"Stream and Riparian Research,Water,Fish / Fisheries,channel dynamics","sediment transport,channel stability and channel morphology,Riparian management Strategies,Hydrological Indicators,Land use and sediment yield,Salmon bioturbation,stream processes,Modeling,land use and sediment yield",Professor,Geography,Arts,Vancouver,marwan.hassan@geog.ubc.ca,,,,,
Nadja Kunz,University of British Columbia,Nadja-Kunz-Copy.jpg (https://dl.airtable.com/.attachments/332321dfb3edb0545f08dc62483c9ce6/92513f9e/Nadja-Kunz-Copy.jpg),https://sppga.ubc.ca/profile/nadja-kunz/,"Mining,Water,Water stewardship,water risks,Sustainability,Engineering,Climate,energy and water nexus,spatial scale,Climate Change","water resources,environmental governance,climate change adaptation,sustainable design",Assistant Professor,"School of Public Policy and Global Affairs (SPPGA),Norman B Keevil Institute of Mining Engineering","Applied Sciences,Arts",Vancouver,nadja.kunz@ubc.ca,,,,,
Natalie Prystajecky,University of British Columbia,cropped-nataliep2003257.jpg (https://dl.airtable.com/.attachments/b9a05c39efb514d224c2a1e03ed60722/8fd2f2b2/cropped-nataliep2003257.jpg),https://pathology.ubc.ca/faculty/natalie-prystajecky/,"environmental microbiology,Water","Public health,environmental microbiology,drinking water,food quality,genomics,molecular diagnostics",Assistant Professor,Pathology and Laboratory Medicine,Medicine,Vancouver,natalie.prystajecky@bccdc.ca,,,,,
Nicolas Peleato,University of British Columbia,headshot_upload_120318.jpeg (https://dl.airtable.com/.attachments/4fd532e2691e6380a2a6a4a948865d40/a2301f4d/headshot_upload_120318.jpeg),https://engineering.ok.ubc.ca/about/contact/nicolas-peleato/,"Applications of Machine Learning Methods,Engineering,Water","drinking water,water treatment and quality,Water quality assessment and treatment,integrated data analysis,machine learning",Assistant Professor,School of Engineering,Applied Sciences,Okanagan,nicolas.peleato@ubc.ca,,,,,
Pierre Bérubé,University of British Columbia,pierre_berube_headshot.jpg (https://dl.airtable.com/.attachments/eaaefc948310ca8f01d930ad0fb90ca4/40f86cf3/pierre_berube_headshot.jpg),https://www.civil.ubc.ca/faculty/pierre-berube,"Engineering,Environment,Water","Water quality assessment and treatment,membrane and other filtration related technologies,focus on potable water and seawater",Professor,Civil Engineering,Applied Sciences,Vancouver,berube@civil.ubc.ca,,,,,
Rehan Sadiq,University of British Columbia,cropped-2014-Innovate_Ponsford-Worth-113.jpg (https://dl.airtable.com/.attachments/ae7db8ab03f15767e886b39bf4ce002f/8c4c7007/cropped-2014-Innovate_Ponsford-Worth-113.jpg),https://engineering.ok.ubc.ca/about/contact/rehan-sadiq/,"Engineering,Environment,Water","Environmental risk analysis,water supply systems,life cycle assessment,infrastructure reliability",Professor and Associate Dean,School of Engineering,Applied Sciences,Okanagan,rehan.sadiq@ubc.ca,,,,,
Ryan Ziels,University of British Columbia,img_9114_2.jpeg (https://dl.airtable.com/.attachments/b5c7c0c8797e41d9d40fdeba2f351264/dc7c9702/img_9114_2.jpeg),https://www.zielslab.com/,,Biological treatment, wastewater, environmental biotechnology, microbial ecology, bioinformatics, resource recovery,Assistant Professor,Civil Engineering,Applied Sciences,Vancouver,ziels@mail.ubc.ca
Steven Conrad,University of British Columbia,cropped-Steve-Conrad-headshot.png (https://dl.airtable.com/.attachments/7204e16edaa39f54fd8762c6d0490f15/5807c594/cropped-Steve-Conrad-headshot.png),http://ires.ubc.ca/person/steven-conrad/,"decision-making,energy water system management and planning,energy and water efficiency,urban system resilience,and climate adaptation,Engineering","Water-Energy nexus,coupled socio-hydrological energy modelling,decision support for climate change adaptation,water resources,Urban design,sustainable design,Urban water systems,environmental policy",Adjunct Professor,Institute for Resources Environment and Sustainability,Sciences,Vancouver,steve.conrad@ires.ubc.ca,,,,,
Steven Weijs,University of British Columbia,wd2_9187.jpg (https://dl.airtable.com/.attachments/b08dc2b06a1b9d58b3b0d7f7e8728083/b63a32d0/wd2_9187.jpg),https://www.civil.ubc.ca/faculty/steven-weijs,"Water Resources Management,Mountain Hydrology,Catchment Hydrology,Flood Forecasting,Uncertainty,Information Theory,Control of Water Systems,Physics","hydrologic modelling,Hydrotechnical Engineering,dynamics of uncertainty",Assistant Professor,Civil Engineering,Applied Sciences,Vancouver,steven.weijs@civil.ubc.ca,,,,,
Valentina Radić,University of British Columbia,Radic_profilephoto.jpg (https://dl.airtable.com/.attachments/16f262205fe79295a7113ee4fe4b8523/4c0e72f1/Radic_profilephoto.jpg),https://www.eoas.ubc.ca/people/valentinaradic,"Models of Surface Energy Balance and Climate Downscaling,Assessment of Turbulent Heat Fluxes under Katabatics,Applications of Machine Learning Methods","Big data,regional and global mass balance models,dynamics of uncertainty,Climate models",Associate Professor,Earth Ocean and Atmospheric Sciences,Applied Sciences,Vancouver,vradic@eoas.ubc.ca,,,,,
